<?xml version="1.0" encoding="UTF-8"?>
<beans 
  xmlns="http://www.springframework.org/schema/beans"
	xmlns:xsi="http://www.w3.org/2001/XMLSchema-instance"
	xmlns:util="http://www.springframework.org/schema/util"
	xsi:schemaLocation="
    http://www.springframework.org/schema/beans 
      http://www.springframework.org/schema/beans/spring-beans-2.5.xsd
    http://www.springframework.org/schema/util 
      http://www.springframework.org/schema/util/spring-util-2.5.xsd">

  <bean id="warSetting" class="marubinotto.piggydb.ui.WarSetting">
    <property name="piggydbVersion" value="6.0"/>
    <property name="clientAddressAuthEnabled" value="${piggydb.enableClientAddressAuth}"/>
    <property name="userAgentAuthEnabled" value="${piggydb.enableUserAgentAuth}"/>
    <property name="entityChangeableOnlyForCreator" value="${piggydb.entity.changeableOnlyForCreator}"/>
    <property name="defaultFragmentsViewScale" value="${piggydb.fragmentsView.defaultScale}"/>
    <property name="allowsOnlyOwnerToUploadFile" value="false"/>
  </bean>
  
  <bean id="marubinotto.piggydb.ui.page.RestorePage" 
      class="marubinotto.piggydb.ui.page.RestorePage" scope="prototype">
    <property name="sequenceAdjusterList"><ref bean="sequenceAdjusterList"/></property>
	</bean>

  <bean id="wikiParser" class="marubinotto.piggydb.ui.wiki.DefaultWikiParser">
    <property name="documentBuilder"><ref bean="htmlBuilder"/></property>
    <property name="fragmentRepository"><ref bean="fragmentRepository"/></property>
    <property name="tagRepository"><ref bean="tagRepository"/></property>
  </bean>
  
  <bean id="htmlBuilder" class="marubinotto.piggydb.ui.wiki.HtmlBuilder"/>
  
</beans>

