<?xml version="1.0" encoding="UTF-8" ?>
<!DOCTYPE log4j:configuration SYSTEM "log4j.dtd">

<log4j:configuration xmlns:log4j="http://jakarta.apache.org/log4j/">

  <appender name="STDOUT" class="org.apache.log4j.ConsoleAppender">
    <layout class="org.apache.log4j.PatternLayout">
      <param name="ConversionPattern" value="%-5p [%d{yyyy/MM/dd HH:mm:ss}] (%c{1}) %m%n"/>
    </layout>
  </appender>
  
  <appender name="FILE" class="org.apache.log4j.FileAppender">
    <param name="Threshold" value="WARN"/>
    <param name="File" value="piggydb.log"/>
    <param name="Append" value="true"/>
    <layout class="org.apache.log4j.PatternLayout">
      <param name="ConversionPattern" value="%-5p [%d{yyyy/MM/dd HH:mm:ss}] (%c{1}) %m%n"/>
    </layout>
  </appender>
  
  <appender name="USER_ACTIVITY_LOG_FILE" class="org.apache.log4j.FileAppender">
    <param name="Threshold" value="INFO"/>
    <param name="File" value="piggydb-user-activity.log"/>
    <param name="Append" value="true"/>
    <layout class="org.apache.log4j.PatternLayout">
      <param name="ConversionPattern" value="[%d{yyyy/MM/dd HH:mm:ss}] %m%n"/>
    </layout>
  </appender>
  
  <category name="org.springframework">
    <priority value="WARN"/>
  </category>
  <category name="org.apache.commons.beanutils">
    <priority value="WARN"/>
  </category>

  <category name="marubinotto.piggydb.model.UserActivityLog">
    <appender-ref ref="USER_ACTIVITY_LOG_FILE"/>
  </category>
  
  <root>
    <priority value="INFO"/>
    <appender-ref ref="FILE"/>
  </root>

</log4j:configuration>
